Title,Start Date,Audience Score,Critics Score,Audience Sentiment,Critics Sentiment
Road House,"Streaming Mar 21, 2024",55,59,negative,negative
Poor Things,"Streaming Feb 27, 2024",79,92,positive,positive
Anatomy of a Fall,"Streaming Dec 22, 2023",90,96,positive,positive
Damsel,"Streaming Mar 8, 2024",62,57,positive,negative
Dream Scenario,"Streaming Dec 22, 2023",68,91,positive,positive
You'll Never Find Me,"Streaming Mar 22, 2024",73,80,positive,positive
Madame Web,"Streaming Mar 15, 2024",57,12,negative,negative
The Zone of Interest,"Streaming Feb 20, 2024",78,93,positive,positive
Ghostbusters: Afterlife,"Streaming Jan 10, 2022",94,64,positive,positive
The Gentlemen,"Streaming Mar 24, 2020",84,75,positive,positive
Imaginary,"Streaming Mar 26, 2024",55,24,negative,negative
Bob Marley: One Love,"Streaming Mar 19, 2024",92,43,positive,negative
Ricky Stanicky,"Streaming Mar 7, 2024",73,47,positive,negative
Wonka,"Streaming Jan 30, 2024",91,82,positive,positive
On the Line,"Streaming Nov 4, 2022",31,20,negative,negative
Dune,"Streaming Oct 22, 2021",90,83,positive,positive
Spaceman,"Streaming Mar 1, 2024",65,51,positive,negative
Godzilla vs. Kong,"Streaming Mar 31, 2021",91,76,positive,positive
Irish Wish,"Streaming Mar 15, 2024",42,39,negative,negative
The Beekeeper,"Streaming Jan 30, 2024",92,71,positive,positive
Anyone But You,"Streaming Feb 20, 2024",87,55,positive,negative
Land of Bad,"Streaming Mar 19, 2024",94,63,positive,positive
Inside the Yellow Cocoon Shell,"Streaming Mar 19, 2024",72,98,positive,positive
American Fiction,"Streaming Feb 6, 2024",96,93,positive,positive
Ordinary Angels,"Streaming Mar 26, 2024",99,85,positive,positive
All of Us Strangers,"Streaming Feb 22, 2024",91,96,positive,positive
Argylle,"Streaming Mar 5, 2024",72,32,positive,negative
Oppenheimer,"Streaming Nov 21, 2023",91,93,positive,positive
Shirley,"Streaming Mar 22, 2024",73,71,positive,positive
Megamind vs. the Doom Syndicate,"Streaming Mar 1, 2024",7,9,negative,negative
The Iron Claw,"Streaming Feb 13, 2024",94,89,positive,positive
Perfect Days,"Streaming Mar 5, 2024",90,96,positive,positive
Alone,"Streaming Sep 18, 2020",53,91,negative,positive
The Holdovers,"Streaming Nov 28, 2023",92,97,positive,positive
Stopmotion,"Streaming Mar 15, 2024",52,89,negative,positive
Luca,"Streaming Jun 18, 2021",85,91,positive,positive
Leave the World Behind,"Streaming Dec 8, 2023",35,74,negative,positive
The Truth vs. Alex Jones,"Streaming Mar 26, 2024",81,100,positive,positive
The Beautiful Game,"Streaming Mar 29, 2024",,89,,positive
Ghostbusters,"Streaming Oct 11, 2016",49,74,negative,positive
Killers of the Flower Moon,"Streaming Dec 5, 2023",84,93,positive,positive
Asleep in My Palm,"Streaming Mar 19, 2024",75,91,positive,positive
Lousy Carter,"Streaming Mar 29, 2024",,80,,positive
Napoleon,"Streaming Jan 9, 2024",59,58,negative,negative
The Wonderful Story of Henry Sugar,"Streaming Sep 27, 2023",81,95,positive,positive
Ghostbusters,"Streaming Apr 16, 2012",88,95,positive,positive
Past Lives,"Streaming Aug 22, 2023",84,95,positive,positive
Red Eye,"Streaming Mar 18, 2017",64,80,positive,positive
Stormy,"Streaming Mar 18, 2024",64,67,positive,positive
Paint,"Streaming May 9, 2023",57,32,negative,negative
Rebel Moon: Part One - A Child of Fire,"Streaming Dec 21, 2023",58,21,negative,negative
Godzilla: King of the Monsters,"Streaming Aug 13, 2019",83,42,positive,negative
The Animal Kingdom,"Streaming Mar 15, 2024",91,81,positive,positive
Aquaman and the Lost Kingdom,"Streaming Jan 23, 2024",81,34,positive,negative
Five Nights at Freddy's,"Streaming Oct 27, 2023",87,32,positive,negative
Double Blind,"Streaming Feb 13, 2024",75,100,positive,positive
This Is Me... Now: A Love Story,"Streaming Feb 16, 2024",77,75,positive,positive
Talk to Me,"Streaming Sep 12, 2023",82,95,positive,positive
Mean Girls,"Streaming Feb 20, 2024",62,70,positive,positive
Migration,"Streaming Jan 23, 2024",88,73,positive,positive
The Creator,"Streaming Nov 14, 2023",76,67,positive,positive
Your Lucky Day,"Streaming Nov 14, 2023",63,86,positive,positive
Saltburn,"Streaming Dec 22, 2023",79,71,positive,positive
Ferrari,"Streaming Jan 23, 2024",74,72,positive,positive
Out of Darkness,"Streaming Feb 27, 2024",54,86,negative,positive
The Hunger Games: The Ballad of Songbirds & Snakes,"Streaming Dec 19, 2023",89,64,positive,positive
When Evil Lurks,"Streaming Oct 27, 2023",79,97,positive,positive
Sinister,"Streaming Nov 21, 2015",62,63,positive,positive
The Marvels,"Streaming Jan 16, 2024",82,62,positive,positive
There's Something in the Barn,"Streaming Dec 5, 2023",51,80,negative,positive
Drive-Away Dolls,"Streaming Mar 12, 2024",36,63,negative,positive
Kung Fu Panda 3,"Streaming Jun 28, 2016",79,86,positive,positive
May December,"Streaming Dec 1, 2023",65,90,positive,positive
Mad Props,"Streaming Mar 26, 2024",100,100,positive,positive
Top Gun: Maverick,"Streaming Aug 22, 2022",99,96,positive,positive
Wish,"Streaming Jan 23, 2024",81,48,positive,negative
Barbie,"Streaming Sep 12, 2023",83,88,positive,positive
Monster,"Streaming Feb 27, 2024",92,97,positive,positive
Interstellar,"Streaming May 24, 2016",86,73,positive,positive
X,"Streaming Apr 14, 2022",75,94,positive,positive
Everything Everywhere All at Once,"Streaming Jun 7, 2022",86,94,positive,positive
Marlowe,"Streaming Apr 4, 2023",37,26,negative,negative
Prey,"Streaming Mar 15, 2024",85,,positive,
Society of the Snow,"Streaming Jan 4, 2024",87,90,positive,positive
Priscilla,"Streaming Dec 15, 2023",63,84,positive,positive
Kung Fu Panda,"Streaming Nov 25, 2015",83,87,positive,positive
His House,"Streaming Oct 30, 2020",73,100,positive,positive
Thanksgiving,"Streaming Dec 19, 2023",80,84,positive,positive
French Girl,"Streaming Mar 19, 2024",76,26,positive,negative
Godzilla,"Streaming Aug 26, 2014",66,76,positive,positive
The Batman,"Streaming Apr 19, 2022",87,85,positive,positive
Guy Ritchie's The Covenant,"Streaming May 9, 2023",98,83,positive,positive
The Autopsy of Jane Doe,"Streaming May 2, 2017",71,86,positive,positive
Ford v Ferrari,"Streaming Nov 15, 2019",98,92,positive,positive
No Hard Feelings,"Streaming Aug 15, 2023",87,70,positive,positive
Gran Turismo: Based on a True Story,"Streaming Sep 26, 2023",98,65,positive,positive
Tyson's Run,"Streaming May 17, 2022",86,67,positive,positive
The Menu,"Streaming Jan 3, 2023",76,88,positive,positive
On the Line,"Streaming Jan 22, 2024",,83,,positive
Reality,"Streaming May 29, 2023",67,94,positive,positive
The Killer,"Streaming Nov 10, 2023",61,85,positive,positive
The Green Knight,"Streaming Aug 19, 2021",50,89,negative,positive
Upgraded,"Streaming Feb 9, 2024",67,77,positive,positive
Beetlejuice,"Streaming Aug 15, 2008",82,86,positive,positive
BlackBerry,"Streaming Jun 2, 2023",93,98,positive,positive
Toy Story,"Streaming Jan 1, 2014",92,100,positive,positive
The Promised Land,"Streaming Feb 23, 2024",94,96,positive,positive
Ouija: Origin of Evil,"Streaming Jan 11, 2017",57,83,negative,positive
Mambar Pierrette,"Streaming Mar 26, 2024",,100,,positive
Life,"Streaming Jun 2, 2017",54,68,negative,positive
The Super Mario Bros. Movie,"Streaming May 16, 2023",95,59,positive,negative
Room 0,"Streaming Mar 19, 2024",56,,negative,
Mission: Impossible - Dead Reckoning Part One,"Streaming Oct 10, 2023",94,96,positive,positive
The Favourite,"Streaming Feb 12, 2019",70,93,positive,positive
Spider-Man: Across the Spider-Verse,"Streaming Aug 8, 2023",94,95,positive,positive
Kung Fu Panda 2,"Streaming Nov 25, 2015",74,81,positive,positive
Asteroid City,"Streaming Jul 11, 2023",62,75,positive,positive
Next Goal Wins,"Streaming Jan 16, 2024",84,45,positive,negative
Puss in Boots: The Last Wish,"Streaming Jan 6, 2023",94,95,positive,positive
The Accountant,"Streaming Dec 27, 2016",76,53,positive,negative
Lift,"Streaming Jan 12, 2024",32,29,negative,negative
Dune,"Streaming Oct 1, 2014",65,37,positive,negative
Freelance,"Streaming Nov 28, 2023",76,6,positive,negative
The Gift,"Streaming Sep 6, 2016",75,91,positive,positive
Lisa Frankenstein,"Streaming Feb 27, 2024",81,51,positive,negative
"You, Me & Her","Streaming Mar 31, 2024",,100,,positive
Spermworld,"Streaming Mar 30, 2024",,,,
The Beautiful Game,"Streaming Mar 29, 2024",,89,,positive
Lousy Carter,"Streaming Mar 29, 2024",,80,,positive
The Listener,"Streaming Mar 29, 2024",,73,,positive
Light,"Streaming Mar 29, 2024",,,,
The Wages of Fear,"Streaming Mar 29, 2024",,,,
Heart of the Hunter,"Streaming Mar 29, 2024",,,,
Madu,"Streaming Mar 29, 2024",,,,
The Soviet Sleep Experiment,"Streaming Mar 29, 2024",,,,
Imaginary,"Streaming Mar 26, 2024",55,24,negative,negative
Ordinary Angels,"Streaming Mar 26, 2024",99,85,positive,positive
The Truth vs. Alex Jones,"Streaming Mar 26, 2024",81,100,positive,positive
Mad Props,"Streaming Mar 26, 2024",100,100,positive,positive
Mambar Pierrette,"Streaming Mar 26, 2024",,100,,positive
Easter Bloody Easter,"Streaming Mar 26, 2024",75,,positive,
Popular Theory,"Streaming Mar 26, 2024",94,57,positive,negative
Snow Valley,"Streaming Mar 26, 2024",50,,negative,
Earlybird,"Streaming Mar 26, 2024",,,,
The Heart Stays,"Streaming Mar 26, 2024",,,,
The Oath,"Streaming Mar 26, 2024",86,30,positive,negative
Polar Rescue,"Streaming Mar 26, 2024",,,,
Ramy Youssef: More Feelings,"Streaming Mar 23, 2024",,100,,positive
You'll Never Find Me,"Streaming Mar 22, 2024",73,80,positive,positive
Shirley,"Streaming Mar 22, 2024",73,71,positive,positive
Hotel,"Streaming Mar 22, 2024",32,,negative,
The Fox,"Streaming Mar 22, 2024",,,,
Dad & Step-Dad,"Streaming Mar 22, 2024",,100,,positive
Lovely Rita,"Streaming Mar 22, 2024",40,,negative,
Road House,"Streaming Mar 21, 2024",55,59,negative,negative
Freaknik: The Wildest Party Never Told,"Streaming Mar 21, 2024",12,80,negative,positive
Bob Marley: One Love,"Streaming Mar 19, 2024",92,43,positive,negative
Land of Bad,"Streaming Mar 19, 2024",94,63,positive,positive
Inside the Yellow Cocoon Shell,"Streaming Mar 19, 2024",72,98,positive,positive
Asleep in My Palm,"Streaming Mar 19, 2024",75,91,positive,positive
French Girl,"Streaming Mar 19, 2024",76,26,positive,negative
Room 0,"Streaming Mar 19, 2024",56,,negative,
Bardejov,"Streaming Mar 19, 2024",,,,
The Invisible Fight,"Streaming Mar 19, 2024",,58,,negative
Stormy,"Streaming Mar 18, 2024",64,67,positive,positive
Madame Web,"Streaming Mar 15, 2024",57,12,negative,negative
Irish Wish,"Streaming Mar 15, 2024",42,39,negative,negative
Stopmotion,"Streaming Mar 15, 2024",52,89,negative,positive
The Animal Kingdom,"Streaming Mar 15, 2024",91,81,positive,positive
Prey,"Streaming Mar 15, 2024",85,,positive,
The Bloody Hundredth,"Streaming Mar 15, 2024",92,,positive,
Escape,"Streaming Mar 15, 2024",,,,
Yuni,"Streaming Mar 15, 2024",,100,,positive
Frida,"Streaming Mar 14, 2024",80,90,positive,positive
Little Wing,"Streaming Mar 13, 2024",88,56,positive,negative
Drive-Away Dolls,"Streaming Mar 12, 2024",36,63,negative,positive
Jonah,"Streaming Mar 12, 2024",76,,positive,
The Lionheart,"Streaming Mar 12, 2024",95,,positive,
Inshallah a Boy,"Streaming Mar 12, 2024",53,100,negative,positive
Household Saints,"Streaming Mar 12, 2024",74,68,positive,positive
Sheeps Clothing,"Streaming Mar 12, 2024",,,,
Damsel,"Streaming Mar 8, 2024",62,57,positive,negative
Night Shift,"Streaming Mar 8, 2024",88,38,positive,negative
5lbs of Pressure,"Streaming Mar 8, 2024",75,56,positive,negative
American Dreamer,"Streaming Mar 8, 2024",70,48,positive,negative
The Piper,"Streaming Mar 8, 2024",,60,,positive
Space: The Longest Goodbye,"Streaming Mar 8, 2024",,79,,positive
The Princess Warrior,"Streaming Mar 8, 2024",,,,
Ricky Stanicky,"Streaming Mar 7, 2024",73,47,positive,negative
Bella,"Streaming Mar 6, 2024",89,,positive,
Argylle,"Streaming Mar 5, 2024",72,32,positive,negative
Perfect Days,"Streaming Mar 5, 2024",90,96,positive,positive
Hannah Gadsby's Gender Agenda,"Streaming Mar 5, 2024",42,,negative,
Before I Change My Mind,"Streaming Mar 5, 2024",33,100,negative,positive
The Troubles: A Dublin Story,"Streaming Mar 5, 2024",,,,
Spaceman,"Streaming Mar 1, 2024",65,51,positive,negative
Megamind vs. the Doom Syndicate,"Streaming Mar 1, 2024",7,9,negative,negative
Scrambled,"Streaming Mar 1, 2024",90,94,positive,positive
Amelia's Children,"Streaming Mar 1, 2024",65,42,positive,negative
Sex-Positive,"Streaming Mar 1, 2024",80,,positive,
The Reverend,"Streaming Mar 1, 2024",,100,,positive
Butchers Book Two: Raghorn,"Streaming Feb 29, 2024",,,,
Code 8: Part II,"Streaming Feb 28, 2024",58,69,negative,positive
Poor Things,"Streaming Feb 27, 2024",79,92,positive,positive
Out of Darkness,"Streaming Feb 27, 2024",54,86,negative,positive
Monster,"Streaming Feb 27, 2024",92,97,positive,positive
#chadgetstheaxe,"Streaming Sep 1, 2023",67,100,positive,positive
100 Days to Live,"Streaming Feb 2, 2021",88,100,positive,positive
11:55,"Streaming Jun 9, 2017",78,100,positive,positive
12 Angry Men,"Streaming Apr 4, 2012",97,100,positive,positive
2040,"Streaming Jun 5, 2020",48,100,negative,positive
32 Pills: My Sister's Suicide,"Streaming Nov 19, 2017",50,100,negative,positive
5B,"Streaming Aug 27, 2019",97,100,positive,positive
76 Days,"Streaming Mar 5, 2021",84,100,positive,positive
A Beautiful Planet,"Streaming Jun 11, 2020",78,100,positive,positive
A Crime on the Bayou,"Streaming Aug 3, 2021",83,100,positive,positive
A Disturbance in The Force,"Streaming Dec 5, 2023",80,100,positive,positive
A Gray State,"Streaming Dec 25, 2017",58,100,negative,positive
A Most Beautiful Thing,"Streaming Jul 31, 2020",96,100,positive,positive
A New Old Play,"Streaming May 16, 2023",67,100,positive,positive
A Peloton of One,"Streaming Mar 11, 2022",,100,,positive
A Place of Our Own,"Streaming Jan 16, 2024",64,100,positive,positive
A River Below,"Streaming Feb 23, 2018",83,100,positive,positive
A Secret Love,"Streaming Apr 29, 2020",89,100,positive,positive
A Tuba to Cuba,"Streaming Mar 15, 2019",83,100,positive,positive
A.rtificial I.mmortality,"Streaming Jan 11, 2022",,100,,positive
AVA: A Twist in the Road,"Streaming Jan 1, 2022",92,100,positive,positive
Abortion: Stories Women Tell,"Streaming Apr 23, 2017",62,100,positive,positive
About a Teacher,"Streaming Apr 17, 2020",,100,,positive
"Acasa, My Home","Streaming Mar 15, 2021",86,100,positive,positive
Act & Punishment,"Streaming Jan 23, 2018",,100,,positive
Afghan Cycles,"Streaming Mar 8, 2019",83,100,positive,positive
After Auschwitz,"Streaming Jan 22, 2019",85,100,positive,positive
After Parkland,"Streaming Feb 19, 2020",58,100,negative,positive
Aida's Secrets,"Streaming Jan 16, 2018",79,100,positive,positive
Alice Is Still Dead,"Streaming Nov 5, 2021",60,100,positive,positive
Alive and Kicking,"Streaming Apr 7, 2017",93,100,positive,positive
All In: The Fight for Democracy,"Streaming Sep 18, 2020",67,100,positive,positive
10 Minutes Gone,"Streaming Sep 27, 2019",16,0,negative,negative
9 Bullets,"Streaming Apr 22, 2022",41,0,negative,negative
96 Souls,"Streaming Jun 1, 2017",94,0,positive,negative
A Clear Shot,"Streaming May 28, 2020",,0,,negative
Acts of Violence,"Streaming Jan 12, 2018",31,0,negative,negative
Air Strike,"Streaming Oct 27, 2018",12,0,negative,negative
All Roads Lead to Rome,"Streaming Feb 5, 2016",16,0,negative,negative
Amateur Night,"Streaming Oct 6, 2016",25,0,negative,negative
American Dresser,"Streaming Sep 21, 2018",70,0,positive,negative
Arjun Patiala,"Streaming Oct 19, 2019",,0,,negative
Armed Response,"Streaming Jul 9, 2017",16,0,negative,negative
Baaghi 3,"Streaming Sep 3, 2020",67,0,positive,negative
Backgammon,"Streaming Oct 21, 2016",64,0,positive,negative
Black Noise,"Streaming Nov 3, 2023",0,0,negative,negative
Black Water,"Streaming Jun 29, 2018",26,0,negative,negative
Boon,"Streaming Apr 1, 2022",25,0,negative,negative
Breaking & Exiting,"Streaming Aug 20, 2018",66,0,positive,negative
Bromates,"Streaming Oct 7, 2022",38,0,negative,negative
Bruce!!!,"Streaming Jul 5, 2019",,0,,negative
Cabin Fever,"Streaming Oct 1, 2016",12,0,negative,negative
Christmas Eve,"Streaming Nov 19, 2016",52,0,negative,negative
Commando 2,"Streaming Sep 20, 2018",53,0,negative,negative
Contract to Kill,"Streaming Feb 28, 2017",25,0,negative,negative
Daddy Issues,"Streaming Jun 23, 2020",,0,,negative
Dark Crimes,"Streaming May 18, 2018",30,0,negative,negative
Dead Man's Hand,"Streaming Jul 7, 2023",24,0,negative,negative
Death Warrant,"Streaming Nov 1, 2016",35,0,negative,negative
Death of a Nation,"Streaming Oct 16, 2018",88,0,positive,negative
Delirium,"Streaming Jan 19, 2018",36,0,negative,negative
Between Me and My Mind,"Streaming Oct 19, 2019",100,,positive,
Raise Hell: The Life & Times of Molly Ivins,"Streaming Aug 30, 2019",100,95,positive,positive
The Roundup,"Streaming Aug 9, 2022",100,96,positive,positive
Raging Fire,"Streaming Nov 23, 2021",100,91,positive,positive
Hesburgh,"Streaming Sep 10, 2019",100,82,positive,positive
The Bad Guys: Reign of Chaos,"Streaming Dec 17, 2019",100,,positive,
The Woman Who Loves Giraffes,"Streaming Apr 5, 2020",100,100,positive,positive
The Man Standing Next,"Streaming May 19, 2020",100,84,positive,positive
Pray: The Story of Patrick Peyton,"Streaming Dec 16, 2020",100,100,positive,positive
Truman & Tennessee: An Intimate Conversation,"Streaming Aug 17, 2021",100,91,positive,positive
"Kill Me, Deadly!","Streaming Oct 12, 2016",100,,positive,
Rebels on Pointe,"Streaming Feb 16, 2018",100,100,positive,positive
Rapid Response,"Streaming Dec 12, 2019",100,67,positive,positive
The Departure,"Streaming Jan 9, 2018",100,100,positive,positive
The Samuel Project,"Streaming Dec 27, 2019",100,,positive,
The Advocates,"Streaming Dec 6, 2018",100,,positive,
In Balanchine's Classroom,"Streaming Nov 16, 2021",100,89,positive,positive
To Be of Service,"Streaming Nov 11, 2019",100,,positive,
An L.A. Minute,"Streaming Jul 28, 2023",100,22,positive,negative
Mad Props,"Streaming Mar 26, 2024",100,100,positive,positive
They Cloned Tyrone,"Streaming Jul 21, 2023",100,95,positive,positive
The Banker,"Streaming Jan 8, 2020",100,79,positive,positive
Haunt,"Streaming Sep 13, 2019",100,70,positive,positive
Little Monsters,"Streaming Oct 11, 2019",100,79,positive,positive
Son of Monarchs,"Streaming Nov 2, 2021",100,92,positive,positive
The Justice of Bunny King,"Streaming Sep 30, 2022",100,95,positive,positive
Good Night Oppy,"Streaming Nov 23, 2022",100,87,positive,positive
Sea of Shadows,"Streaming Aug 27, 2019",100,94,positive,positive
Assassin 33 A.D.,"Streaming Apr 10, 2020",100,67,positive,positive
Dr. Death: Cutthroat Conman,"Streaming Dec 21, 2023",100,,positive,
Getting Away With Murder(s),"Streaming Jan 27, 2023",100,100,positive,positive
Section 375,"Streaming Nov 11, 2019",100,64,positive,positive
"To Me, the One Who Loved You","Streaming Apr 20, 2023",100,,positive,
God's Not Dead: We the People,"Streaming Nov 22, 2021",100,,positive,
Pianoforte,"Streaming Jan 9, 2024",100,83,positive,positive
Playing With Sharks,"Streaming Jul 23, 2021",100,96,positive,positive
"Sweetie, You Won't Believe It","Streaming Feb 8, 2022",100,88,positive,positive
Timeless Heroes: Indiana Jones and Harrison Ford,"Streaming Dec 1, 2023",100,,positive,
Ghostwritten,"Streaming Feb 9, 2024",100,67,positive,positive
Hudson,"Streaming Sep 21, 2021",100,80,positive,positive
Wild Boys,"Streaming Mar 9, 2023",100,100,positive,positive
The Last Pirate,"Streaming Jun 16, 2023",100,,positive,
This Changes Everything,"Streaming Aug 16, 2019",100,88,positive,positive
Reflect,"Streaming Jan 9, 2024",100,,positive,
A Good Enough Day,"Streaming Feb 13, 2024",100,,positive,
Boy From Nowhere,"Streaming Feb 17, 2023",100,100,positive,positive
Magpie Funeral,"Streaming Aug 1, 2023",100,,positive,
Chick Flick,"Streaming Dec 12, 2023",100,,positive,
Silent as the Grave,"Streaming Jul 16, 2023",100,100,positive,positive
Dreaded Light,"Streaming Aug 12, 2022",100,,positive,
Hayseed,"Streaming Nov 21, 2023",100,,positive,
Split at the Root,"Streaming Mar 3, 2023",100,75,positive,positive
Anthony,"Streaming Oct 8, 2020",100,100,positive,positive
Hollywood Dreams & Nightmares: The Robert Englund Story,"Streaming Jun 6, 2023",100,88,positive,positive
Broken City,"Streaming Dec 15, 2023",100,,positive,
Looking for a Lady with Fangs and a Moustache,"Streaming Apr 9, 2021",100,92,positive,positive
The Light of the Moon,"Streaming Jan 2, 2018",100,97,positive,positive
Skid Row Marathon,"Streaming Nov 17, 2019",100,100,positive,positive
The Legend of the Underground,"Streaming Jun 29, 2021",100,100,positive,positive
Courtney Gets Possessed,"Streaming Nov 3, 2023",100,,positive,
Jacob the Baker,"Streaming Nov 24, 2023",100,,positive,
Mobile Suit Gundam: Cucuruz Doan's Island,"Streaming Apr 27, 2023",100,100,positive,positive
The Riot Act,"Streaming Oct 21, 2019",0,67,negative,positive
Gacy: Serial Killer Next Door,"Streaming Jan 30, 2024",0,,negative,
Skin Walker,"Streaming Aug 2, 2020",0,60,negative,positive
Black Noise,"Streaming Nov 3, 2023",0,0,negative,negative
Last Journey of Paul W.R.,"Streaming Aug 26, 2022",0,,negative,
BEAUTY,"Streaming Jun 29, 2022",0,22,negative,negative
G-Loc,"Streaming Aug 11, 2020",0,,negative,
Breath,"Streaming May 3, 2022",0,,negative,
They're Inside,"Streaming Jul 16, 2019",0,29,negative,negative
Evil Little Things,"Streaming May 12, 2020",0,50,negative,negative
Guns of Eden,"Streaming Dec 6, 2022",0,,negative,
My Best Part,"Streaming Feb 25, 2022",0,88,negative,positive
Dead Reckoning,"Streaming Nov 13, 2020",0,17,negative,negative
Burn It All,"Streaming Feb 19, 2021",0,40,negative,negative
Solitary,"Streaming Sep 24, 2021",0,,negative,
Flytrap,"Streaming Nov 23, 2016",0,,negative,
A Dark Path,"Streaming Sep 15, 2020",0,,negative,
Maximum Impact,"Streaming Oct 2, 2018",0,9,negative,negative
Someone Like You,"Opens Apr 02, 2024",,,,
Monkey Man,"Opens Apr 05, 2024",,93,,positive
The First Omen,"Opens Apr 05, 2024",,,,
The Beast,"Opens Apr 05, 2024",,84,,positive
The Old Oak,"Opens Apr 05, 2024",,77,,positive
Parachute,"Opens Apr 05, 2024",,92,,positive
The Greatest Hits,"Opens Apr 05, 2024",,53,,negative
The People's Joker,"Opens Apr 05, 2024",,100,,positive
Strictly Confidential,"Opens Apr 05, 2024",,,,
Housekeeping for Beginners,"Opens Apr 05, 2024",,100,,positive
A Bit of Light,"Opens Apr 05, 2024",,,,
Epic Tails,"Opens Apr 05, 2024",,40,,negative
Gone With the Wind,"Opened Dec 15, 1939",92,90,positive,positive
Bade Miyan Chote Miyan,"Opens Apr 10, 2024",,,,
Maidaan,"Opens Apr 10, 2024",,,,
Civil War,"Opens Apr 12, 2024",,92,,positive
Sting,"Opens Apr 12, 2024",,,,
Don't Tell Mom the Babysitter's Dead,"Opens Apr 12, 2024",,,,
Arcadian,"Opens Apr 12, 2024",,91,,positive
The Absence of Eden,"Opens Apr 12, 2024",,,,
Sweet Dreams,"Opens Apr 12, 2024",,,,
"LaRoy, Texas","Opens Apr 12, 2024",,100,,positive
Omen,"Opens Apr 12, 2024",,85,,positive
Damaged,"Opens Apr 12, 2024",,,,
In Flames,"Opens Apr 12, 2024",,93,,positive
Sweet Dreams,"Opens Apr 12, 2024",,100,,positive
Lost Angel: The Genius of Judee Sill,"Opens Apr 12, 2024",,,,
The Ministry of Ungentlemanly Warfare,"Opens Apr 19, 2024",,,,
Abigail,"Opens Apr 19, 2024",,,,
Sasquatch Sunset,"Opens Apr 19, 2024",,80,,positive
The Three Musketeers: Part II - Milady,"Opens Apr 19, 2024",,91,,positive
Spy x Family Code: White,"Opens Apr 19, 2024",,,,
Blood for Dust,"Opens Apr 19, 2024",,85,,positive
Stress Positions,"Opens Apr 19, 2024",,73,,positive
Hard Miles,"Opens Apr 19, 2024",,,,
We Grown Now,"Opens Apr 19, 2024",,91,,positive
Little Empty Boxes,"Opens Apr 19, 2024",,,,
Photographic Justice: The Corky Lee Story,"Opens Apr 19, 2024",,,,
Challengers,"Opens Apr 26, 2024",,,,
Unsung Hero,"Opens Apr 26, 2024",,,,
Boy Kills World,"Opens Apr 26, 2024",,71,,positive
Nowhere Special,"Opens Apr 26, 2024",,100,,positive
Humane,"Opens Apr 26, 2024",,,,
The Feeling That the Time for Doing Something Has Passed,"Opens Apr 26, 2024",,100,,positive
Breathe,"Opens Apr 26, 2024",,,,
Cash Out,"Opens Apr 26, 2024",,,,
Cinderella's Revenge,"Opens Apr 26, 2024",,,,
Uncropped,"Opens Apr 26, 2024",,,,
East Bay,"Opens Apr 26, 2024",,,,
Lyd,"Opens Apr 26, 2024",,,,
The Fall Guy,"Opens May 03, 2024",,89,,positive
Star Wars: Episode I - The Phantom Menace,"Opened May 19, 1999",59,52,negative,negative
Tarot,"Opens May 03, 2024",,,,
I Saw the TV Glow,"Opens May 03, 2024",,90,,positive
Evil Does Not Exist,"Opens May 03, 2024",,93,,positive
Unfrosted,"Opens May 03, 2024",,,,
Wildcat,"Opens May 03, 2024",,60,,positive
Slow,"Opens May 03, 2024",,96,,positive
Mars Express,"Opens May 03, 2024",,,,
Kingdom of the Planet of the Apes,"Opens May 10, 2024",,,,
Force of Nature: The Dry 2,"Opens May 10, 2024",,44,,negative
IF,"Opens May 17, 2024",,,,
Back to Black,"Opens May 17, 2024",,,,
The Strangers: Chapter 1,"Opens May 17, 2024",,,,
Taking Venice,"Opens May 17, 2024",,,,
North by Northwest,"Opened Jul 17, 1959",94,97,positive,positive
Castle in the Sky,"Opened Apr 01, 1989",91,96,positive,positive
Furiosa: A Mad Max Saga,"Opens May 24, 2024",,,,
The Garfield Movie,"Opens May 24, 2024",,,,
Sight,"Opens May 24, 2024",,,,
In A Violent Nature,"Opens May 31, 2024",,93,,positive
The Dead Don't Hurt,"Opens May 31, 2024",,85,,positive
Ezra,"Opens May 31, 2024",,73,,positive
What You Wish For,"Opens May 31, 2024",,86,,positive
The Crow,"Opens Jun 07, 2024",,,,
Bad Boys: Ride or Die,"Opens Jun 07, 2024",,,,
Someday We'll Tell Each Other Everything,"Opens Jun 07, 2024",,42,,negative
The Secret World of Arrietty,"Opened Feb 17, 2012",85,94,positive,positive
Inside Out 2,"Opens Jun 14, 2024",,,,
The Watchers,"Opens Jun 14, 2024",,,,
The Bikeriders,"Opens Jun 21, 2024",,83,,positive
Kinds of Kindness,"Opens Jun 21, 2024",,,,
Thelma,"Opens Jun 21, 2024",,98,,positive
A Quiet Place: Day One,"Opens Jun 28, 2024",,,,
Horizon: An American Saga - Chapter 1,"Opens Jun 28, 2024",,,,
Despicable Me 4,"Opens Jul 03, 2024",,,,
Longlegs,"Opens Jul 12, 2024",,,,
Twisters,"Opens Jul 19, 2024",,,,
The Beautiful Game,"Opened Mar 25, 2024",,90,,positive
Earlybird,"Opened Mar 25, 2024",,,,
Ciné-Guerrillas: Scenes from the Labudović Reels,"Opened Mar 25, 2024",,,,
Non-Aligned: Scenes from the Labudović Reels,"Opened Mar 25, 2024",,,,
Winnie-the-Pooh: Blood and Honey 2,"Opened Mar 26, 2024",81,52,positive,negative
Hate to Love: Nickelback,"Opened Mar 27, 2024",99,43,positive,negative
Godzilla x Kong: The New Empire,"Opened Mar 29, 2024",92,54,positive,negative
In the Land of Saints and Sinners,"Opened Mar 29, 2024",,79,,positive
Wicked Little Letters,"Opened Mar 29, 2024",,72,,positive
Lousy Carter,"Opened Mar 29, 2024",,80,,positive
La Chimera,"Opened Mar 29, 2024",,90,,positive
DogMan,"Opened Mar 29, 2024",96,60,positive,positive
The Listener,"Opened Mar 29, 2024",,73,,positive
Asphalt City,"Opened Mar 29, 2024",,44,,negative
A Cat's Life,"Opened Mar 29, 2024",,,,
Light,"Opened Mar 29, 2024",,,,
Karaoke,"Opened Mar 29, 2024",,89,,positive
Bag of Lies,"Opened Mar 29, 2024",,,,
Mind Body & Soul,"Opened Mar 29, 2024",,,,
Ghostbusters: Frozen Empire,"Opened Mar 22, 2024",84,43,positive,negative
Dune: Part Two,"Opened Mar 01, 2024",95,93,positive,positive
Kung Fu Panda 4,"Opened Mar 08, 2024",86,72,positive,positive
Immaculate,"Opened Mar 22, 2024",61,71,positive,positive
Arthur the King,"Opened Mar 15, 2024",97,68,positive,positive
Late Night with the Devil,"Opened Mar 22, 2024",83,96,positive,positive
Imaginary,"Opened Mar 08, 2024",55,24,negative,negative
Love Lies Bleeding,"Opened Mar 15, 2024",81,93,positive,positive
Cabrini,"Opened Mar 08, 2024",98,91,positive,positive
Bob Marley: One Love,"Opened Feb 14, 2024",92,43,positive,negative
One Life,"Opened Mar 15, 2024",94,90,positive,positive
Luca,"Opened Mar 22, 2024",85,91,positive,positive
Exhuma,"Opened Mar 15, 2024",94,79,positive,positive
Problemista,"Opened Mar 22, 2024",87,89,positive,positive
The American Society of Magical Negroes,"Opened Mar 15, 2024",66,29,positive,negative
Ordinary Angels,"Opened Feb 23, 2024",99,85,positive,positive
Oppenheimer,"Opened Jul 21, 2023",91,93,positive,positive
Migration,"Opened Dec 22, 2023",88,73,positive,positive
Argylle,"Opened Feb 02, 2024",72,32,positive,negative
YOLO,"Opened Mar 08, 2024",90,86,positive,positive
Perfect Days,"Opened Nov 10, 2023",90,96,positive,positive
Madame Web,"Opened Feb 14, 2024",57,12,negative,negative
The Beekeeper,"Opened Jan 12, 2024",92,71,positive,positive
Wonka,"Opened Dec 15, 2023",91,82,positive,positive
The Taste of Things,"Opened Dec 15, 2023",74,97,positive,positive
Poor Things,"Opened Dec 08, 2023",79,92,positive,positive
Snack Shack,"Opened Mar 15, 2024",90,72,positive,positive
Remembering Gene Wilder,"Opened Mar 15, 2024",100,90,positive,positive
Femme,"Opened Mar 22, 2024",86,92,positive,positive
The Heart Stays,"Opened Mar 22, 2024",,,,
Do Not Expect Too Much from the End of the World,"Opened Mar 15, 2024",62,98,positive,positive
About Dry Grasses,"Opened Feb 23, 2024",93,93,positive,positive
The Peasants,"Opened Dec 08, 2023",94,59,positive,negative
Nostalghia,"Opened Jan 08, 1984",90,88,positive,positive
Pastor's Kid,"Opened Mar 15, 2024",100,,positive,
Accidental Texan,"Opened Mar 08, 2024",95,55,positive,negative
Shayda,"Opened Dec 01, 2023",71,97,positive,positive
Limbo,"Opened Mar 22, 2024",,94,,positive
Free Time,"Opened Mar 22, 2024",100,89,positive,positive
High & Low - John Galliano,"Opened Mar 08, 2024",,82,,positive
Land of Bad,"Opened Feb 16, 2024",94,63,positive,positive
Stopmotion,"Opened Feb 23, 2024",52,89,negative,positive
Four Daughters,"Opened Oct 27, 2023",84,96,positive,positive
Tótem,"Opened Jan 26, 2024",88,97,positive,positive
The Teachers' Lounge,"Opened Dec 25, 2023",62,96,positive,positive
Club Zero,"Opened Mar 15, 2024",,65,,positive
Freud's Last Session,"Opened Jan 19, 2024",74,44,positive,negative
The Sweet East,"Opened Dec 01, 2023",52,80,negative,positive
Glitter & Doom,"Opened Mar 08, 2024",83,53,positive,negative
Red Right Hand,"Opened Feb 23, 2024",80,44,positive,negative
Inside the Yellow Cocoon Shell,"Opened Jan 19, 2024",72,98,positive,positive
They Shot the Piano Player,"Opened Oct 06, 2023",88,79,positive,positive
Household Saints,"Opened Sep 15, 1993",74,68,positive,positive
Golden Years,"Opened Feb 23, 2024",,90,,positive
The Monk and the Gun,"Opened Feb 09, 2024",100,92,positive,positive
Other People's Children,"Opened Apr 21, 2023",99,91,positive,positive
Bushman,"Opened Feb 02, 2024",,100,,positive
The Crime Is Mine,"Opened Dec 25, 2023",95,98,positive,positive
The Oath,"Opened Dec 08, 2023",86,30,positive,negative
Amélie,"Opened Nov 02, 2001",95,90,positive,positive
The Invisible Fight,"Opened Feb 23, 2024",,58,,negative
Skin Deep,"Opened Feb 02, 2024",,100,,positive
Sleeping Dogs,"Opened Mar 22, 2024",96,37,positive,negative
William Shatner: You Can Call Me Bill,"Opened Mar 22, 2024",94,86,positive,positive
Riddle Of Fire,"Opened Mar 22, 2024",92,81,positive,positive
Christspiracy,"Opened Mar 20, 2024",97,,positive,
Mai,"Opened Mar 22, 2024",99,,positive,
Swatantrya Veer Savarkar,"Opened Mar 22, 2024",92,0,positive,negative
Rad,"Opened Mar 21, 1986",90,42,positive,negative
Peter Five Eight,"Opened Mar 22, 2024",88,,positive,
Art Talent Show,"Opened Mar 22, 2024",,100,,positive
